T50,T90,Epk_bisector
1.792,5.184,90.78205302
68.61,208.6,81.4704284
1.28,3.136,1595.879147
47.1,90.18,199.5262315
306.4,430,134.5860354
41.73,98.18,52.36004366
29.63,381.2,43.65158322
48.64,75.01,133.3521432
33.79,61.95,191.4255925
95.23,182,154.525444
0.218,0.315,219.2804935
6.72,50.82,688.6522963
419,454,50.69907083
8.384,17.02,143.2187899
12.86,24.77,75.33555637
3.2,7.232,74.81695005
0.056,0.132,117.4897555
20.29,62.66,879.0225168
0.042,0.085,928.9663868
203.8,292.7,69.66265141
18.82,45.7,41.11497211
0.597,1.173,401.7908108
6.272,29.7,179.4733627
57.02,73.09,157.0362804
22.78,29.18,92.25714272
61.44,221.2,281.190083
5.504,12.35,63.38697113
0.256,0.448,325.0872974
10.3,26.43,304.789499
30.21,40.51,237.6840287
6.656,28.54,305.4921113
0.192,0.384,1230.268771
28.48,80.83,578.0960474
21.44,41.15,325.0872974
0.03,0.067,721.1074792
0.32,0.96,696.6265141
0.111,0.455,548.2769649
13.76,50.62,112.7197456
52.35,146.9,188.3649089
0.768,1.536,625.1726928
36.99,106.1,220.8004733
10.37,25.6,154.8816619
2.88,5.056,121.8989599
29.57,123.4,119.9499303
35.46,85.44,85.50667129
5.312,15.55,80.72350302
0.014,0.034,1264.736347
0.128,0.256,133.6595517
3.072,15.17,114.2878335
4.864,13.82,99.31160484
8.832,37.7,338.8441561
3.968,15.42,365.5947916
37.7,82.18,69.66265141
12.1,31.1,57.01642723
0.072,0.152,2449.063242
0.019,0.067,1124.604974
0.128,0.32,151.3561248
0.039,0.1,4528.975799
1.472,4.864,66.22165037
4.992,33.73,83.17637711
31.74,46.66,831.7637711
0.448,0.896,1202.264435
0.036,0.183,1137.627286
3.52,12.67,54.20008904
2.496,6.592,116.6809617
1.216,4.288,578.0960474
17.92,32,37.6703799
2.176,4.864,156.3147643
0.256,0.512,473.151259
13.7,36.22,110.6623784
9.792,14.4,280.5433638
0.115,0.25,587.4893525
1.92,4.16,809.0958992
19.97,34.18,995.4054174
8.64,22.53,129.7179271
0.058,0.119,1468.926278
0.27,0.413,293.7649652
57.54,179.8,114.5512941
30.66,56.06,128.528666
13.89,26.88,255.8585887
0.832,1.472,243.7810818
8.576,20.74,145.5459081
8,18.18,76.73614894
16.83,59.58,145.2111618
6.016,20.67,125.8925412
33.28,102.1,46.23810214
5.504,20.16,287.0780582
13.12,27.46,74.47319739
18.43,77.82,372.3917063
0.03,0.055,2290.867653
20.54,53.89,1172.195366
2.88,10.94,58.88436554
15.68,72.51,60.53408748
4.992,11.14,226.4644308
2.112,3.2,96.16122784
5.76,62.53,78.88601176
22.78,45.89,212.3244462
10.94,37.18,57.80960474
0.063,0.183,1963.360277
0.448,1.792,1485.935642
5.376,12.48,318.4197522
1.792,5.44,120.2264435
3.968,18.24,84.52788452
1.984,6.464,244.3430553
40.13,81.47,209.8939884
7.808,20.8,75.33555637
20.67,60.99,75.1622894
0.091,0.303,129.4195841
21.31,58.43,120.7813835
0.052,0.173,91.83325965
4.416,7.232,172.5837892
0.256,1.28,256.4484037
10.24,25.41,54.32503315
23.81,90.94,25.70395783
16.38,31.68,447.7133042
15.36,40.13,47.86300923
22.27,74.88,178.6487575
6.016,17.34,74.64487584
0.06,0.131,731.1390835
0.768,1.088,127.0574105
0.256,0.32,317.6874071
51.14,76.54,613.7620052
5.76,17.41,131.5224832
0.896,2.368,721.1074792
0.128,0.896,110.9174815
1.485,2.614,623.7348355
19.33,110.5,274.7894153
0.256,0.384,1282.330583
0.223,0.398,461.3175746
107.9,158.1,103.038612
0.32,0.832,141.2537545
2.176,6.656,113.5010816
9.152,27.97,39.44573021
0.196,0.801,1104.07862
0.908,1.438,441.5704474
9.152,30.98,63.24118514
2.624,4.992,582.1032178
27.01,48.51,275.4228703
22.21,89.98,266.072506
1.728,3.2,563.6376558
0.768,6.656,347.5361614
275.6,356.7,139.9587323
0.896,2.624,128.2330583
32.83,100.1,91.62204901
7.488,42.69,60.11737375
17.15,25.02,44.87453899
36.61,114.4,91.62204901
0.128,0.32,188.7991349
0.192,0.512,239.3315756
0.055,0.161,1025.651926
5.76,19.2,130.0169578
12.42,22.59,71.28530301
22.27,27.58,135.8313447
0.128,0.192,1396.368361
0.192,0.32,102.0939484
0.087,0.794,283.7919028
0.079,0.187,378.4425847
0.237,0.442,946.2371614
2.816,4.8,67.14288529
3.456,9.088,104.9542429
6.08,18.75,165.9586907
17.28,32.13,190.5460718
5.568,18.11,70.79457844
9.6,20.29,230.1441817
0.158,0.295,135.8313447
0.512,0.96,231.739465
6.912,20.1,297.1666032
1.6,32.19,64.26877173
14.98,49.34,359.7493352
24.83,61.63,67.60829754
161.1,274.9,282.4879975
2.56,9.024,57.67664634
0.104,0.193,1905.460718
63.49,189.1,305.4921113
9.28,170.6,235.5049284
1.6,18.24,257.0395783
7.552,24.58,86.89604293
1.792,7.168,112.7197456
27.65,42.24,82.4138115
103.4,162.9,230.1441817
9.408,23.74,62.80583588
7.296,27.71,74.30191379
1.024,3.712,124.4514612
0.276,0.763,199.5262315
12.42,20.22,248.3133105
4.096,9.472,118.8502227
2.176,6.08,53.82697825
0.341,0.974,106.4143018
139.4,190,99.31160484
22.66,57.28,52.2396189
11.9,37.76,92.04495718
100.2,318.6,189.6705921
0.263,0.681,220.2926463
6.848,15.3,399.0249024
1.664,3.904,69.82324041
7.936,21.25,909.9132726
3.072,7.296,114.0249788
0.058,0.215,164.4371723
48.64,185.9,98.1747943
2.176,4.544,263.6331386
0.107,0.258,952.796164
3.2,7.808,154.1700453
31.1,49.15,391.7418771
15.3,51.78,481.9477976
7.296,17.73,528.4452518
15.1,20.99,131.2199899
0.704,1.408,267.3006409
7.808,19.97,185.7804455
1.536,3.456,67.14288529
10.5,122.5,133.0454418
3.392,10.43,105.9253725
17.02,38.72,50.35006088
0.704,1.216,701.4552984
2.176,8.32,184.9268619
2.752,24.38,246.6039337
1.152,2.496,173.3803998
9.216,33.54,147.2312502
11.14,22.72,242.1029047
22.66,33.22,155.5965632
6.272,12.16,141.2537545
0.192,0.192,458.1418867
17.6,47.87,114.0249788
54.34,81.73,70.14552984
0.301,0.461,1256.029964
0.128,0.192,50.69907083
7.296,26.82,215.7744409
10.5,51.14,1127.197456
6.144,15.74,164.4371723
0.384,1.408,61.80164001
1.664,4.096,111.1731727
37.18,70.72,276.6941645
0.384,1.088,400.8667176
85.38,99.78,118.5768748
16.13,55.42,95.4992586
10.56,26.24,324.3396173
13.31,21.63,1655.769963
12.16,29.44,763.8357836
18.82,48.32,95.4992586
0.512,0.96,870.96359
10.88,27.58,174.5822153
12.61,32.38,238.2319469
8.448,22.66,81.4704284
0.031,0.074,1114.294534
5.312,17.15,169.8243652
58.24,107.9,243.2204009
6.336,20.54,182.8100216
25.28,73.47,797.9946873
15.17,38.85,293.0893245
54.27,90.56,120.7813835
0.192,0.384,868.9604293
30.59,69.5,50.5824662
8.768,48.51,924.6981739
9.664,28.8,257.6321157
53.38,88.58,178.6487575
1.472,12.67,222.8435149
29.31,35.26,127.6438809
63.36,215,138.6755829
25.02,66.11,440.5548635
10.05,16.13,490.9078762
23.36,30.34,299.2264637
22.34,36.61,118.3041556
0.768,1.408,1330.454418
0.32,0.512,278.6121169
0.768,2.048,103.038612
1.536,4.736,578.0960474
28.35,82.88,162.5548756
97.98,129,79.61593504
3.84,8.512,245.4708916
23.94,67.71,129.7179271
22.46,62.85,94.84184633
16.13,67.14,130.6170888
28.42,182.8,74.13102413
4.992,13.31,162.1810097
0.192,0.768,642.6877173
30.14,53.89,91.83325965
13.38,36.67,473.151259
0.07,0.419,283.1391996
10.62,35.97,533.3348955
1.408,3.52,79.79946873
0.064,0.192,1261.827535
12.8,27.2,55.84701947
30.78,52.8,177.827941
1.408,4.544,347.5361614
0.128,0.128,778.036551
1.6,3.904,268.5344446
13.95,32.38,72.61059574
4.608,10.5,57.54399373
0.167,0.388,743.0191379
5.376,23.74,222.3309891
1.088,3.392,73.11390835
6.592,9.664,405.5085354
1.6,3.456,135.2072563
4.48,5.952,317.6874071
65.09,307.6,192.3091729
10.82,23.62,116.9499391
3.328,14.66,156.675107
0.222,1.047,1051.961874
13.76,31.04,137.4041975
7.936,15.81,367.2823005
7.424,36.86,665.2731562
4.352,46.72,63.97348355
0.128,0.128,130.0169578
32.32,63.62,307.6096815
0.069,0.578,540.7543229
10.62,52.16,116.1448614
2.423,2.936,597.0352866
0.32,0.576,397.1915495
0.286,1.235,23.82319469
15.74,31.23,100
26.43,58.05,91.20108394
10.82,19.78,190.5460718
17.92,52.99,521.1947111
129.3,155.1,651.6283941
0.128,1.152,803.5261222
3.584,17.34,219.7859873
24.96,61.63,106.9054879
3.648,275.7,688.6522963
1.856,16.19,153.1087462
6.336,26.56,238.2319469
0.384,2.816,357.2728382
4.096,14.02,136.4583137
10.11,25.41,100.6931669
0.256,0.704,423.642966
4.032,7.232,35.39973411
25.47,109.8,376.703799
136.6,272.4,379.314985
20.86,30.46,36.55947916
17.02,60.22,167.4942876
0.126,0.522,544.5026528
6.592,16.13,46.55860935
12.03,21.7,190.5460718
1.664,5.056,160.3245391
3.584,6.272,601.1737375
0.467,1.112,630.9573445
1.408,5.44,1061.695557
0.192,0.512,185.7804455
1.344,6.4,1348.962883
12.22,41.09,162.5548756
0.128,0.128,701.4552984
0.896,15.36,230.6747189
1.216,1.792,407.3802778
73.15,174.7,351.5604405
6.912,30.85,252.9297996
0.092,0.591,200.4472027
30.53,48.38,135.8313447
23.55,55.23,122.179966
18.11,83.58,194.5360082
25.47,62.53,83.17637711
7.36,21.89,116.9499391
22.72,53.76,197.2422736
4.096,15.68,672.9766563
7.552,15.17,228.0342072
2.752,10.11,269.1534804
8.64,38.14,176.6037821
20.03,58.11,159.2208727
0.024,0.216,7673.614894
1.28,2.56,244.3430553
14.27,30.21,274.7894153
3.584,11.52,104.9542429
0.256,1.024,623.7348355
1.664,3.392,71.9448978
7.872,26.05,329.6097122
7.488,18.75,481.9477976
15.04,29.06,98.1747943
82.3,208.1,671.4288529
2.688,7.168,328.8516309
0.281,0.508,202.3019179
0.384,0.64,1164.126029
5.504,15.3,109.9005839
37.38,120.6,353.9973411
8.512,21.95,82.79421637
0.125,0.223,1011.579454
0.165,0.401,358.0964371
9.472,12.42,74.64487584
0.026,0.09,148.5935642
2.112,3.904,92.04495718
11.97,77.25,164.8162392
6.784,19.07,44.97798549
1.131,2.063,234.9632821
11.65,22.27,212.8139046
0.192,0.768,489.7788194
0.089,0.248,952.796164
46.66,61.38,95.06047937
49.15,80.13,71.9448978
1.024,19.2,721.1074792
2.24,4.416,16.03245391
0.418,0.708,820.3515443
92.03,154.4,344.3499308
0.026,0.051,129.1219274
0.04,0.177,774.4617978
0.229,0.391,598.4115951
0.128,0.128,753.3555637
18.18,96.7,142.2328787
8,22.53,112.4604974
51.01,74.37,139.9587323
8.832,20.54,122.179966
40,135.9,184.5015419
7.36,25.28,336.5115694
42.3,135.2,378.4425847
12.16,39.94,133.3521432
0.129,0.38,485.2885002
9.088,17.02,45.28975799
3.264,15.1,185.7804455
11.2,23.04,140.9288798
0.576,1.152,2137.96209
0.203,0.602,516.4163693
1.728,3.2,57.14786367
68.03,84.22,291.0717118
51.65,61.89,174.5822153
0.321,0.656,2074.913517
4.224,11.2,81.65823714
0.123,0.951,450.8167045
30.27,90.11,178.6487575
4.864,7.36,86.89604293
6.4,56.51,195.4339456
6.4,14.21,429.5364268
20.8,42.21,77.8036551
229.8,261.8,111.9437883
12.67,35.33,108.3926914
11.52,19.65,113.5010816
1.92,5.44,175.3880502
0.256,0.456,221.309471
5.568,14.08,290.4022654
0.416,1.954,134.5860354
0.096,0.224,712.8530301
57.76,119.1,213.3044913
36.42,69.5,189.2343619
1.92,2.24,3365.115694
246.5,462,160.3245391
0.256,0.448,454.9880602
0.064,0.064,1383.566379
31.68,70.02,115.3453258
17.89,54.3,126.1827535
3.968,21.12,399.0249024
12.86,20.48,421.6965034
14.62,26.91,127.3503081
8.928,26.4,255.2701303
0.112,0.272,881.048873
9.536,19.33,148.5935642
11.46,29.18,172.9816359
0.448,0.896,86.09937522
0.248,0.608,309.0295433
3.2,8.384,150.6607066
27.46,92.7,152.054753
16.45,22.53,177.827941
0.032,0.088,1603.245391
0.96,2.496,297.1666032
17.54,53.98,114.2878335
7.36,22.14,736.2070975
0.088,0.804,717.7942913
0.024,0.052,622.3002852
11.58,22.46,143.2187899
13.63,31.52,669.8846094
52.74,88.96,251.7676928
37.82,83.1,92.46981739
4.032,12.16,179.8870915
1.696,4.032,70.14552984
0.64,0.96,194.5360082
0.408,1.008,365.5947916
0.232,0.424,239.3315756
0.96,1.28,453.9416167
0.2,0.568,221.309471
27.22,45.33,51.99959965
0.576,1.536,262.4218543
6.336,18.82,141.579378
1.815,4.135,398.1071706
6.464,18.11,195.4339456
0.072,0.256,389.9419867
13.95,52.51,95.94006315
35.71,67.84,328.0952931
0.264,0.496,1071.519305
44.61,81.98,228.5598803
1.627,4.096,52.60172664
0.832,1.92,468.8133821
22.4,50.94,651.6283941
0.128,0.192,293.7649652
6.912,17.86,149.279441
12.99,41.98,176.6037821
6.016,13.92,454.9880602
7.36,20.48,84.9180475
1.792,5.134,72.11074792
60.29,140.1,139.6368361
0.064,0.128,256.4484037
1.472,3.2,352.370871
25.09,64.01,236.0478233
0.576,1.407,3372.873087
33.15,76.26,315.5004623
4.608,11.52,76.38357836
1.846,2.47,685.4882265
13.38,144.9,310.4559588
20.61,86.24,150.3141966
11.14,28.1,125.6029964
0.832,2.776,200.4472027
4.48,13.63,188.7991349
0.192,0.32,79.43282347
100.4,196.6,96.6050879
24.58,33.28,311.8889584
4.16,15.9,176.6037821
4.992,18.4,59.84115951
27.26,62.94,82.79421637
25.12,58.4,297.1666032
12.61,23.68,69.18309709
5.632,28.9,262.4218543
4.736,8.256,234.4228815
33.09,64.29,105.1961874
0.44,0.768,1169.499391
0.096,0.208,1073.989412
11.9,45.89,175.3880502
17.98,35.01,85.90135215
10.37,22.98,69.50243176
2.88,10.11,47.64309868
0.632,1.359,309.0295433
2.208,4.976,88.1048873
1.66,4.352,53.95106225
17.34,41.7,190.9853259
14.4,31.68,62.23002852
7.552,15.87,113.7627286
11.9,35.58,76.55966069
4.48,11.39,127.0574105
0.128,0.176,114.5512941
0.128,0.336,824.138115
20.67,38.08,381.0658234
17.47,36.51,160.6941253
39.17,70.91,179.0605854
0.2,0.512,972.7472238
0.128,0.128,477.5292737
18.91,65.06,104.2317429
24.96,29.18,1101.53931
5.056,15.55,137.4041975
32.19,64.29,60.67363296
0.112,0.359,260.0159563
0.448,1.408,610.9420249
0.112,0.2,388.150366
2.848,10.53,117.7605974
62.85,90.24,104.2317429
56.7,83.07,186.2087137
0.312,0.68,696.6265141
9.12,61.92,51.99959965
0.192,0.256,107.8946722
81.6,194.9,79.43282347
25.98,74.3,473.151259
0.128,0.128,704.693069
3.008,4.8,88.30799004
35.81,89.38,183.2314422
28.13,63.39,292.4152378
6.08,17.79,432.513831
0.128,0.256,519.9959965
8.832,23.68,156.675107
6.208,13.82,284.4461107
51.26,104.4,208.4490883
0.128,0.256,724.4359601
0.448,0.832,62.08690342
7.936,12.86,230.1441817
31.07,55.97,165.1961798
9.216,29.89,116.1448614
0.136,0.256,376.703799
0.064,0.176,2454.708916
9.792,31.81,77.09034691
9.408,24.7,73.79042301
47.23,134.7,363.9150361
15.55,29.47,52.36004366
30.85,48.7,657.6578374
1.088,12.21,416.8693835
0.088,0.296,851.1380382
0.012,0.028,688.6522963
36.29,152.1,230.1441817
6.016,18.88,73.45138682
1.792,3.392,219.2804935
1.728,5.888,139.3156803
0.48,1.443,161.4358557
0.672,1.408,271.6439269
12.29,58.66,172.5837892
14.46,31.3,66.98846094
2.688,25.98,243.2204009
1.152,2.304,208.4490883
0.128,0.256,244.9063242
6.464,16.9,54.57578611
6.336,16.13,166.341265
5.376,12.22,81.65823714
12.48,35.17,193.1968317
10.43,30.59,153.815464
9.344,31.46,36.72823005
0.896,2.176,264.2408757
0.192,0.256,2837.919028
2.547,5.376,456.036916
18.37,55.46,153.815464
11.58,35.71,143.2187899
0.128,0.2,877.0008211
11.65,26.75,1644.371723
0.164,0.188,262.4218543
14.21,33.38,169.8243652
17.28,45.57,81.4704284
4.736,13.7,177.4189481
32.64,57.92,229.0867653
0.32,0.636,412.0975191
22.59,57.66,274.7894153
8.128,21.76,189.2343619
8.96,18.5,174.5822153
87.55,124.9,53.57966575
0.192,0.384,2992.264637
7.872,34.88,119.9499303
3.264,11.33,597.0352866
47.17,64.29,494.310687
1.421,2.029,1135.010816
1.585,5.065,201.8366364
0.192,0.384,144.8771854
2.368,17.86,168.6553025
4.672,11.14,84.72274141
8.064,20.54,158.1248039
8.64,21.76,169.43378
0.056,0.144,273.5268726
0.064,0.064,1636.816521
1.792,4.672,319.889511
26.62,33.22,136.1444682
26.88,181.1,610.9420249
11.26,55.14,289.0679882
13.25,31.65,466.6593803
1.536,1.953,285.7590543
15.23,53.63,413.9996748
0.48,0.872,533.3348955
29.82,45.25,165.9586907
2.304,6.976,691.8309709
0.112,0.232,1389.952631
2.688,8.832,243.7810818
9.024,49.15,465.5860935
0.782,3.214,179.4733627
0.32,0.448,767.3614894
0.064,0.256,201.8366364
1.104,2.41,306.1963434
14.14,30.66,214.2890601
0.064,0.064,555.9042573
105,131.7,228.0342072
0.152,0.392,138.0384265
0.064,0.176,111.6863248
12.83,32.1,988.5530947
0.24,0.581,562.3413252
1.472,3.264,64.26877173
66.05,150.1,341.9794425
0.16,0.68,868.9604293
6.72,11.14,411.1497211
1.88,2.752,122.4616199
0.04,0.064,293.0893245
2.432,7.232,83.17637711
0.437,1.261,93.54056741
0.896,2.24,42.3642966
1.024,2.368,149.6235656
12.48,33.28,319.1537855
5.056,13.98,202.768272
13.18,42.5,572.796031
56.51,119.9,509.3308711
10.08,24.54,163.3051948
1.08,1.463,381.0658234
0.799,1.599,354.8133892
27.04,41.82,263.0267992
16.13,42.62,274.1574172
9.472,30.94,245.4708916
0.044,0.084,222.3309891
28.99,114.1,80.53784412
0.08,0.176,178.2378767
1.843,6.115,95.94006315
20.61,75.9,405.5085354
23.94,51.58,647.1426157
16.06,60.74,739.6052751
0.104,0.288,132.7394458
1.6,3.776,250.6109253
0.144,0.456,110.407862
18.11,28.03,33.11311215
6.72,14.98,216.7704105
3.552,18.14,427.5628862
9.984,28.42,11.96740531
0.128,0.32,2792.543841
19.39,22.91,123.5947433
5.632,10.14,257.6321157
3.968,11.87,38.9045145
0.256,0.448,654.6361741
4.032,20.32,316.9567463
54.78,160.8,143.5489433
108,137.1,160.3245391
7.552,17.15,114.2878335
7.776,34.34,59.02010802
14.08,42.75,495.4501908
13.89,46.5,245.4708916
3.974,9.12,119.1242008
0.192,0.32,835.6030182
2.88,5.184,247.7422058
0.896,3.392,58.21032178
9.408,21.92,65.01296903
48.77,101.2,157.761127
12.99,27.58,80.72350302
2.305,4.864,108.6425624
0.184,0.68,1042.317429
11.2,16.83,262.4218543
28.58,36.9,162.5548756
51.14,88.64,456.036916
0.08,0.2,179.4733627
0.136,0.312,319.1537855
0.261,0.637,244.3430553
0.072,0.24,1116.863248
0.256,0.576,440.5548635
0.088,0.36,238.2319469
1.164,2.884,19.40885878
11.78,32.83,514.0436516
13.7,31.1,95.2796164
1.552,4.032,135.2072563
0.128,0.64,530.8844442
0.256,4.672,622.3002852
4.832,11.23,48.64072057
11.84,16.83,207.4913517
17.66,44.8,924.6981739
15.36,48.58,647.1426157
0.104,0.704,550.8076964
22.14,50.85,125.3141175
9.728,33.06,69.18309709
12.48,29.7,148.2518085
10.75,37.63,477.5292737
8.96,26.88,229.0867653
23.23,49.66,410.204103
6.144,9.92,94.84184633
11.2,26.75,234.9632821
3.392,10.3,5847.900841
30.4,75.55,125.3141175
3.84,11.01,147.2312502
0.042,0.12,2393.315756
1.549,4.285,35.89219346
19.97,44.74,986.2794856
8.064,13.12,234.4228815
35.78,88.45,224.9054606
0.018,0.048,529.6634439
0.28,0.464,1025.651926
1.664,3.635,214.7830474
11.14,25.98,120.503594
100.2,182,285.1018268
0.056,0.104,82.4138115
0.054,0.136,3881.50366
19.26,40.64,77.44617978
9.92,36.32,87.49837752
13.38,34.88,537.0317964
0.088,0.176,736.2070975
8.256,66.98,288.4031503
1.856,4.096,83.94599865
7.488,20.7,257.0395783
26.43,71.33,181.1340093
3.968,8.704,137.4041975
0.028,0.056,435.5118737
17.6,43.2,90.57326009
33.02,43.58,94.40608763
42.5,84.16,170.6082389
0.112,0.224,2046.444637
29.82,48.61,677.6415076
4.928,9.6,179.4733627
4.16,11.26,325.0872974
0.32,1.152,310.4559588
1.984,5.184,249.4594727
4.736,9.472,73.96052751
36.42,89.34,88.51156098
0.32,0.432,1415.79378
2.624,6.976,90.78205302
19.2,45.25,34.35579479
8.384,37.38,268.5344446
14.98,37.06,193.6421964
38.72,53.82,52.60172664
13.38,27.71,287.0780582
13.57,34.5,75.1622894
4.928,10.18,1282.330583
0.464,0.976,1035.142167
0.512,0.896,194.98446
4.032,45.31,271.6439269
0.136,0.232,647.1426157
13.57,35.58,181.5515663
9.664,18.85,87.90225168
0.304,0.792,926.8298234
6.144,13.09,67.14288529
14.14,32.19,392.6449354
8.832,20.13,77.44617978
8.96,18.5,51.2861384
9.472,48.35,69.18309709
14.78,20.74,47.42419853
4.672,13.47,80.90958992
34.46,49.25,59.15616342
4.832,19.55,153.4616983
0.04,0.064,1538.15464
2.24,5.184,138.6755829
2.56,6.08,63.24118514
1.194,2.29,31.55004623
8.448,33.09,341.9794425
1.619,4.147,293.0893245
3.456,6.656,603.9486294
1.323,1.963,454.9880602
0.128,1.793,727.7798045
14.66,32.03,286.417797
1.28,4.928,399.9447498
197.4,300,84.52788452
13.95,18.24,59.84115951
2.432,3.072,325.0872974
2.88,7.488,924.6981739
2.112,5.504,62.95061829
1.856,3.872,66.37430704
6.592,18.08,171.3957308
34.11,57.22,603.9486294
0.088,0.208,897.4287945
9.664,20.13,302.6913428
2.176,6.688,124.7383514
6.144,39.94,557.1857489
16.64,64.06,113.5010816
11.81,83.42,162.5548756
0.128,0.64,470.9773264
16.64,44.83,168.6553025
0.04,0.096,1566.75107
26.27,100.4,318.4197522
20.74,115.3,255.2701303
6.08,20.74,125.6029964
6.72,46.24,110.6623784
6.4,20.93,98.85530947
12.99,45.44,161.4358557
2.688,8.576,36.89775986
34.24,77.06,378.4425847
13.95,54.46,100
46.85,200.7,324.3396173
59.26,84.16,1327.394458
20.16,34.88,84.72274141
60.16,96.58,56.88529308
22.59,63.62,152.7566058
15.17,48.45,272.2701308
0.144,0.61,538.2697825
18.24,54.34,153.4616983
4.352,13.89,734.5138682
6.176,20.19,276.0577856
0.768,1.408,1306.170888
27.01,41.06,51.64163693
1.344,3.392,131.2199899
0.034,0.078,419.758984
9.152,45.82,165.1961798
1.152,5.056,279.2543841
1.216,2.368,4518.559444
7.68,33.41,195.8844674
3.456,43.65,110.407862
77.63,114,244.3430553
0.192,0.256,242.1029047
1.056,2.389,1064.143018
0.096,0.272,557.1857489
12.29,36.1,537.0317964
72.96,108.5,106.4143018
26.4,42.98,111.6863248
0.32,0.512,407.3802778
172,206.3,214.2890601
18.75,42.62,106.6596121
7.936,22.91,333.4264128
11.36,26.72,158.1248039
0.176,0.448,864.9679188
15.87,37.82,149.6235656
32.58,61.95,497.737085
0.02,0.052,228.0342072
0.614,1.254,877.0008211
92.1,152.8,159.5879147
0.04,0.108,113.5010816
20.77,51.68,595.6621435
0.44,1.016,325.836701
0.052,0.116,1435.489433
5.504,40.42,201.8366364
19.81,61.22,151.7050367
0.192,0.384,276.0577856
4.8,13.06,338.8441561
39.1,102.9,119.9499303
16.51,46.34,95.4992586
2.432,5.952,75.8577575
10.05,25.02,127.6438809
0.176,0.344,402.7170343
13.09,39.65,252.3480772
21.63,49.7,39.53666201
5.92,38.43,210.862815
0.88,2.284,516.4163693
4.568,9.728,807.2350302
0.288,0.608,311.8889584
0.02,0.056,275.4228703
15.17,31.84,86.69618758
18.69,67.39,948.4184633
43.46,91.36,171.0015315
21.95,58.56,283.1391996
0.056,0.116,128.2330583
0.012,0.068,508.1594426
26.37,54.34,141.9057522
13.02,37.41,117.7605974
9.472,40,239.8832919
0.168,0.344,1419.057522
89.41,150.8,161.4358557
0.096,0.24,297.8516429
96.51,331.2,261.8183008
136.4,673.8,250.6109253
7.808,17.06,826.0379496
3.36,19.81,342.7677865
4.096,15.94,121.338885
1.152,2.432,1573.982864
0.821,1.461,514.0436516
3.648,9.15,358.0964371
3.776,40.77,325.0872974
30.5,114.5,59.15616342
49.6,67.78,83.75292821
0.266,0.642,984.0111058
53.95,60.22,216.7704105
8.704,33.06,290.4022654
4.48,13.95,183.6538343
59.07,83.01,693.425806
0.896,1.408,334.9654392
0.208,0.416,656.1452663
3.648,26.4,91.83325965
11.04,17.44,163.3051948
5.44,14.94,130.3166778
0.138,0.266,267.9168325
7.36,19.9,39.71915495
9.28,29.82,236.5919697
49.41,88.86,189.6705921
7.936,26.82,102.0939484
6.528,19.2,272.8977783
35.58,59.07,868.9604293
3.648,13.57,141.579378
99.84,151.5,68.07693587
0.512,1.6,229.0867653
0.623,1.439,920.4495718
9.152,23.26,51.40436516
482,589.5,246.0367604
1.536,21.02,98.40111058
40.58,57.89,55.71857489
16.96,59.07,563.6376558
1.664,6.08,188.3649089
0.608,1.824,564.9369748
5.12,16.9,152.4052754
1.216,3.52,179.8870915
50.24,90.18,242.1029047
112.9,142,308.318795
4.224,13.18,118.5768748
0.08,0.228,179.8870915
0.256,0.704,325.0872974
0.296,0.776,168.6553025
27.84,57.09,118.3041556
6.016,26.5,180.7174126
3.84,11.87,210.377844
5.312,19.42,217.7709772
6.528,10.56,248.8857318
24.83,68.9,502.3425895
162.9,204.4,239.8832919
40.42,85.22,45.81418867
0.036,0.076,1244.514612
0.076,0.176,2371.373706
33.09,70.24,562.3413252
40.86,59.23,52.11947111
0.192,0.384,279.898132
0.168,0.536,216.7704105
3.52,12.64,94.84184633
0.32,1.301,1315.224832
0.08,0.56,688.6522963
0.08,0.32,712.8530301
57.6,97.34,45.91980128
0.256,0.448,2084.490883
24.38,84.35,100.9252886
0.176,0.535,542.0008904
9.472,72.58,185.7804455
118,134.5,177.0108958
9.44,51.1,48.86523593
0.416,0.544,626.6138647
30.85,132.3,177.0108958
54.37,107.4,158.1248039
0.052,0.219,85.11380382
4.16,11.07,123.8796587
3.008,11.33,74.64487584
0.064,0.16,112.7197456
21.44,65.73,177.0108958
0.112,0.336,1196.740531
3.392,22.05,76.73614894
0.048,0.096,147.9108388
9.6,22.02,69.66265141
12.38,30.75,137.4041975
9.28,30.08,144.2115352
2.88,5.696,285.7590543
0.044,0.076,769.1304403
2.432,5.44,50.23425895
0.624,3.234,105.9253725
1.92,6.784,45.70881896
15.74,54.98,65.91738952
1.609,4.169,81.4704284
12.16,50.53,164.0589773
39.81,91.26,200.4472027
13.18,31.49,724.4359601
35.33,51.2,1091.440336
1.024,4.224,327.3406949
0.299,0.939,758.577575
0.128,0.128,367.2823005
2.752,8.64,139.9587323
2.688,8.448,170.6082389
8.128,44.1,244.9063242
1.728,8.384,53.95106225
4.8,30.88,87.49837752
10.56,12.48,181.5515663
0.176,1.736,629.5061829
0.028,0.06,688.6522963
5.184,12.22,89.74287945
3.712,41.47,190.9853259
1.664,3.904,116.4126029
12.74,35.65,125.6029964
0.752,1.483,407.3802778
0.384,0.768,219.7859873
13.18,44.38,217.2701179
48.38,86.72,67.60829754
12.35,43.52,76.73614894
0.128,0.192,812.8305162
17.79,66.43,261.8183008
0.016,0.036,625.1726928
5.184,24.26,228.5598803
6.976,20.74,134.2764961
5.344,13.92,225.943577
7.424,18.3,91.20108394
0.056,0.088,86.09937522
7.424,26.05,148.5935642
35.39,81.09,152.4052754
21.25,54.43,96.16122784
32.13,115.5,124.7383514
106.1,163.7,538.2697825
20.86,110.5,247.7422058
0.048,0.132,206.5380156
0.192,0.464,1088.930093
3.392,10.46,181.5515663
7.104,9.952,756.832895
8.448,28.54,322.8494122
8.512,172.7,548.2769649
7.616,27.23,820.3515443
1.536,2.88,171.7908387
0.576,1.717,133.9676687
0.256,0.576,187.9316817
10.05,52.1,57.67664634
3.968,29.7,368.9775986
22.53,58.82,703.0723199
4.224,13.7,337.2873087
1.92,4.512,66.52731562
16.38,42.59,86.69618758
6.464,20.03,70.79457844
10.5,25.47,194.0885878
4.928,13.34,19.27524913
2.048,9.024,68.39116473
0.064,0.128,325.0872974
31.36,52,125.6029964
8.384,36.48,112.4604974
60.03,71.04,117.2195366
2.368,13.09,240.9905429
2.816,6.08,237.1373706
33.63,51.68,67.76415076
0.608,1.168,887.156012
12.99,74.69,200.9092813
3.264,9.984,231.739465
0.128,0.128,326.5878322
246.7,259.5,284.4461107
0.192,0.448,712.8530301
0.064,0.192,1866.379691
1.38,2.964,202.768272
0.128,0.384,349.945167
7.072,20.06,168.2674061
0.096,0.464,345.1437393
11.01,31.33,318.4197522
0.56,1.184,466.6593803
6.912,9.536,38.72576449
0.176,0.304,1717.908387
0.256,0.384,812.8305162
15.74,69.47,40.92606597
0.192,0.496,868.9604293
10.69,22.78,285.1018268
23.94,31.58,194.0885878
0.448,0.832,1205.03594
4.608,11.33,517.606832
11.9,43.2,116.6809617
10.82,23.74,140.2813705
28.1,75.97,193.6421964
35.9,70.4,169.0440932
5.184,27.14,54.45026528
42.56,98.85,129.7179271
8.064,25.86,106.6596121
13.25,23.23,130.6170888
2.496,16.06,224.9054606
8.576,22.78,67.92036326
20.38,51.55,294.4421634
199,266.8,133.9676687
4.032,13.31,81.65823714
16.96,98.5,46.77351413
155.9,200.2,240.43628
16.45,75.97,230.6747189
6.72,35.04,237.6840287
0.192,4.544,522.396189
11.97,55.9,34.9945167
0.512,0.896,1828.100216
8.32,172.2,334.9654392
5.12,24.51,141.2537545
0.512,0.985,322.8494122
16.9,35.87,96.82778563
2.048,3.904,183.6538343
0.016,0.024,53.45643594
0.128,0.336,109.9005839
0.768,1.408,360.578643
23.55,65.57,270.3958364
10.75,28.86,330.369541
1.375,3.904,56.6239289
5.696,16.29,61.94410751
1.376,2.97,674.5280277
0.96,1.504,349.945167
2.432,30.4,866.9618758
0.814,1.758,2404.3628
11.39,55.14,104.4720219
15.1,80.64,302.6913428
5.824,18.43,58.88436554
25.66,72.8,261.8183008
13.25,21.89,103.7528416
1.344,17.09,1534.616983
262.8,297,132.7394458
38.27,137.3,155.5965632
23.68,47.3,42.55984131
126.9,253.3,157.761127
1.312,2.56,49.20395357
13.18,64.58,227.5097431
1.792,3.84,297.1666032
14.98,86.72,247.1724145
5.056,12.13,37.32501578
0.096,0.192,364.7539469
22.78,140.5,222.3309891
9.28,18.37,71.44963261
0.072,0.144,127.0574105
9.792,148.5,445.6562484
26.72,70.94,151.7050367
18.88,32,365.5947916
3.264,26.27,141.2537545
36.58,118.3,49.65923215
0.273,0.769,543.2503315
0.432,0.624,739.6052751
0.056,0.136,420.7266284
0.256,0.384,119.3988104
0.064,0.064,8871.56012
71.65,200,32.13660539
3.676,7.68,67.92036326
2.816,6.72,62.37348355
439.1,488.7,48.64072057
21.7,50.72,71.9448978
18.75,90.34,349.945167
3.936,16.99,218.7761624
24.32,49.73,183.2314422
11.39,27.68,113.5010816
2.688,14.46,128.2330583
6.912,51.9,187.068214
3.712,17.89,125.025903
18.72,42.91,85.3100114
34.88,72.45,214.7830474
0.357,0.82,1452.111618
0.224,0.855,891.2509381
0.256,1.015,365.5947916
2.658,4.955,53.33348955
7.552,33.92,85.70378452
0.448,0.768,1458.81426
0.016,0.048,113.7627286
0.256,0.448,672.9766563
7.232,23.55,447.7133042
8.576,77.82,77.26805851
42.5,76.77,141.9057522
5.888,26.43,142.8893959
29.7,80,339.6252726
2.432,12.54,293.7649652
1.408,3.776,1205.03594
0.512,0.896,1156.112242
84.8,187.8,108.8930093
31.36,60.38,73.79042301
18.37,79.3,377.5721909
18.3,49.22,86.09937522
0.503,1.511,88.1048873
4.288,16.74,477.5292737
0.184,0.49,737.9042301
0.032,0.104,82.03515443
0.096,0.16,827.9421637
0.778,4.89,161.8080038
0.056,0.448,1428.893959
3.136,12.83,42.75628862
20.35,39.84,289.0679882
3.136,12.74,307.6096815
1.792,5.184,883.0799004
11.2,24.83,50.81594426
1.344,8.064,225.943577
11.2,20.1,228.5598803
2.624,7.808,548.2769649
28.74,119.8,123.8796587
8.448,12.8,179.4733627
0.112,0.192,772.6805851
8.256,28.77,67.29766563
82.11,229.9,239.8832919
69.31,130.2,54.32503315
19.39,43.9,51.52286446
47.1,135.5,319.1537855
0.15,0.475,242.6610095
11.97,76.42,161.4358557
4.864,12.8,123.3104833
8.704,31.17,292.4152378
0.297,0.598,790.678628
4.736,19.46,242.6610095
20.67,51.97,557.1857489
8.512,15.68,498.8844875
1.728,7.296,112.9795915
11.26,93.25,225.4239212
0.512,1.088,657.6578374
4.224,9.28,184.5015419
75.39,95.36,61.94410751
30.53,73.15,1127.197456
2.176,5.312,281.8382931
0.64,1.792,29.71666032
12.8,31.87,380.1893963
5.44,22.14,615.1768727
0.065,0.167,381.0658234
0.016,0.04,173.3803998
3.456,9.536,249.4594727
69.44,106,37.75721909
6.912,116.5,311.8889584
9.984,22.27,287.7398415
1.92,7.616,41.49540426
3.968,15.87,204.6444637
15.74,49.41,839.4599865
0.172,0.253,116.1448614
0.576,1.152,35.15604405
11.14,31.3,220.8004733
4.928,13.18,240.9905429
0.292,0.824,385.4783577
3.264,16.45,121.8989599
2.24,16.06,314.7748314
12.42,40.96,116.4126029
57.02,109.2,199.5262315
0.192,1.088,1828.100216
13.95,40.45,75.33555637
0.543,1.1,1169.499391
25.47,71.36,272.2701308
2.624,6.208,76.55966069
0.768,2.496,169.43378
6.592,33.22,179.8870915
0.896,2.624,40.27170343
2.88,10.05,123.0268771
26.37,152,137.4041975
0.576,2.24,534.5643594
21.18,50.43,130.0169578
7.104,20.99,33.88441561
44.48,62.78,44.15704474
5.76,8.768,138.0384265
3.2,9.792,176.6037821
25.86,41.41,366.4375746
25.6,39.94,112.7197456
0.448,1.28,712.8530301
10.62,40.64,554.625713
3.2,12.74,76.207901
15.42,52.99,112.2018454
0.832,7.744,251.7676928
26.18,60.03,142.2328787
0.048,0.675,230.1441817
55.87,79.17,88.7156012
0.349,1.146,810.9610579
0.251,0.727,650.1296903
11.58,31.49,115.0800389
2.24,13.18,183.6538343
2.048,5.76,52.11947111
3.328,11.65,88.7156012
3.584,13.31,418.7935651
22.53,26.94,57.14786367
0.019,0.051,82.98507675
7.872,26.69,741.3102413
20.42,48.45,78.34296428
2.496,6.208,72.27698036
10.11,21.44,90.15711376
2.624,6.08,144.2115352
0.512,1.472,61.65950019
0.384,4.288,401.7908108
3.712,9.344,94.18895965
3.84,16.26,483.058802
11.52,26.24,124.4514612
19.2,60.48,78.52356346
24.45,49.41,144.5439771
4.352,11.9,43.65158322
0.124,0.207,289.7343588
14.27,53.63,399.0249024
1.664,37.95,145.5459081
47.1,122.5,572.796031
0.371,0.711,558.4701947
21.57,55.81,76.38357836
5.056,15.1,208.4490883
0.128,0.64,636.7955209
0.069,0.186,1207.813835
6.208,16.83,387.2576449
22.66,70.08,597.0352866
53.82,69.95,51.2861384
4.288,10.05,463.4469197
1.856,4.032,905.7326009
1.216,1.92,93.75620069
0.768,8.384,291.0717118
13.5,30.66,178.6487575
28.1,62.66,357.2728382
0.172,0.46,309.7419299
10.82,32.83,83.36811846
4.992,11.84,474.2419853
16.06,34.24,177.827941
0.448,1.344,305.4921113
27.01,49.34,98.62794856
1.792,8.576,76.38357836
16.45,49.92,56.1047976
27.84,68.03,92.46981739
0.064,0.192,207.9696687
20.22,61.7,49.54501908
15.87,58.88,559.7576015
6.336,14.14,42.07266284
0.512,0.96,1109.174815
0.256,0.896,200.9092813
0.192,3.904,746.4487584
5.184,16.19,65.91738952
5.632,7.936,169.43378
4.032,8.192,544.5026528
24.32,43.33,145.2111618
7.616,35.26,62.37348355
3.712,10.5,261.8183008
3.072,3.136,126.7651866
0.192,2.176,781.6278046
0.576,6.464,28.97343588
0.192,0.64,1555.965632
1.152,2.432,92.04495718
1.856,2.752,690.2398038
20.16,33.86,138.9952631
4.8,11.01,132.7394458
6.08,23.1,342.7677865
10.24,63.04,165.1961798
2.24,5.76,121.0598134
14.91,30.4,283.1391996
0.32,1.28,454.9880602
0.768,4.864,39.62780343
22.85,89.66,155.5965632
2.24,4.032,340.4081897
0.256,0.64,236.5919697
0.256,2.24,210.377844
2.752,8.768,176.1976046
33.92,77.82,136.7728826
28.48,35.39,311.1716337
30.53,70.98,197.2422736
34.24,102.2,343.5579479
1.792,3.008,331.8944576
0.256,1.984,79.61593504
0.063,0.199,680.7693587
15.55,37.57,296.483139
3.264,12.86,132.7394458
6.08,22.98,140.2813705
16.7,37.57,119.6740531
50.94,60.1,342.7677865
56.51,122.9,52.2396189
15.68,48.64,174.5822153
12.03,66.18,156.3147643
0.192,1.984,538.2697825
0.128,0.192,372.3917063
15.94,32.51,111.4294534
22.02,72.38,134.5860354
0.512,3.072,1655.769963
6.4,15.62,36.72823005
0.092,0.208,287.7398415
7.424,43.26,84.33347578
3.712,13.18,60.95368972
0.512,7.872,1202.264435
0.128,0.192,1644.371723
78.85,180.5,76.38357836
2.944,9.984,133.9676687
0.091,0.202,179.8870915
8.256,63.17,34.35579479
0.64,0.96,668.3439176
9.664,33.98,180.3017741
5.76,33.47,109.3956366
6.848,25.79,115.6112242
45.57,159.6,415.9106105
0.576,1.984,959.4006315
4.096,18.88,125.025903
8.832,22.66,110.6623784
2.688,6.656,1051.961874
7.36,37.25,95.4992586
3.136,7.744,94.62371614
20.1,33.02,158.4893192
25.73,57.98,59.29253246
6.4,22.59,129.1219274
2.496,4.864,70.30723199
3.584,20.35,196.788629
34.75,72.13,87.29713684
13.44,37.63,180.3017741
5.888,14.53,182.3895702
0.832,2.432,94.62371614
13.31,36.8,196.3360277
97.73,149.2,110.407862
2.048,6.528,682.3386941
30.72,64.58,355.6313186
0.192,0.768,1383.566379
4.48,15.23,807.2350302
0.96,1.92,857.0378452
11.07,11.71,392.6449354
0.058,0.612,181.5515663
34.18,67.78,132.7394458
5.44,16.9,59.70352866
37.25,136.1,180.7174126
0.256,0.448,486.4072057
28.29,82.69,517.606832
17.92,36.1,122.179966
44.29,114.5,105.1961874
0.02,0.264,1566.75107
12.54,29.18,187.4994508
0.062,0.901,545.7578611
0.128,0.896,1002.305238
6.016,29.31,97.05099672
25.73,40.58,174.9846689
0.384,0.768,264.2408757
14.21,31.1,279.898132
0.541,1.32,327.3406949
32.13,65.6,242.1029047
0.256,0.896,286.417797
0.448,0.832,843.3347578
7.68,20.86,155.238701
25.66,48.19,1188.502227
7.104,18.05,1106.623784
30.4,52.67,202.768272
10.05,36.35,164.8162392
0.512,1.989,1636.816521
7.232,14.53,62.66138647
8.704,14.08,267.3006409
1.024,3.392,433.5108784
5.696,36.99,159.5879147
9.536,30.14,173.3803998
3.712,7.104,332.6595533
5.12,17.79,44.77133042
1.92,6.464,165.1961798
0.896,3.008,467.7351413
2.688,6.528,77.44617978
11.39,48.06,275.4228703
7.36,25.92,38.19442708
2.368,6.592,53.95106225
1.088,8.896,233.8837239
0.704,2.944,776.2471166
21.5,42.5,224.9054606
0.192,6.208,398.1071706
3.456,9.408,47.42419853
0.192,0.256,201.8366364
8.384,13.38,136.7728826
2.176,6.592,783.4296428
11.78,44.93,88.30799004
0.256,1.536,746.4487584
56.96,100.7,208.4490883
0.256,1.024,175.3880502
61.89,149.2,65.76578374
17.86,23.49,105.9253725
0.832,3.328,199.986187
0.286,0.54,181.1340093
40.77,89.86,105.4386896
383.5,616.3,229.6148648
0.128,0.256,826.0379496
0.192,1.792,121.338885
65.92,195.2,361.4098626
0.042,0.075,371.5352291
1.408,9.408,53.45643594
1.152,2.24,493.173804
17.86,42.43,94.40608763
25.6,54.72,76.55966069
1.728,3.328,387.2576449
41.98,108.5,61.37620052
14.27,47.49,121.8989599
41.15,131,685.4882265
49.47,69.5,48.97788194
19.52,41.28,87.29713684
343.7,378,124.1652308
8.32,36.29,55.20774393
28.35,48.32,184.9268619
0.64,1.856,63.24118514
4.352,15.68,159.9558029
9.6,37.18,125.8925412
8.128,16.06,113.2400363
9.472,31.23,210.377844
1.216,4.352,72.11074792
0.704,1.664,669.8846094
1.984,6.784,252.9297996
12.22,26.62,153.1087462
5.888,13.63,2249.054606
0.016,0.032,348.337315
0.832,1.024,610.9420249
0.064,1.664,557.1857489
11.33,32.96,338.8441561
1.28,6.784,50.0034535
0.029,0.097,586.1381645
4.352,13.31,152.4052754
26.82,59.01,72.27698036
6.72,22.59,58.88436554
8,10.37,39.99447498
18.75,96.13,79.61593504
16.7,36.8,142.8893959
0.384,1.472,105.1961874
8,30.72,120.2264435
38.72,87.62,184.0772001
0.738,0.936,89.33054837
0.247,0.326,129.1219274
0.082,0.289,281.8382931
28.93,45.06,403.645393
9.92,22.78,126.4736347
54.34,68.35,103.2761406
1.984,2.944,470.9773264
0.558,2.816,296.483139
2.624,7.04,55.97576015
7.296,39.23,84.9180475
6.592,17.54,101.6248693
0.621,0.685,61.80164001
9.856,23.04,321.3660539
36.61,49.15,104.7128548
23.17,114.1,234.4228815
0.296,0.773,430.5266105
10.05,25.66,112.4604974
17.73,31.23,224.9054606
6.08,17.47,116.6809617
2.112,6.976,147.9108388
236.5,269.4,131.8256739
10.24,39.68,474.2419853
5.504,16.7,132.1295634
0.192,0.704,407.3802778
20.16,71.94,79.61593504
3.392,10.05,136.7728826
4.992,42.37,113.5010816
33.86,127.7,398.1071706
14.78,34.69,238.7811283
14.72,35.97,159.5879147
79.23,128.1,79.79946873
3.648,43.46,159.9558029
282.9,389.4,99.77000638
11.07,111.4,54.32503315
28.42,239.6,341.1929116
5.824,23.55,182.3895702
2.24,7.168,195.8844674
4.416,10.69,39.62780343
0.433,0.583,136.7728826
0.64,1.152,110.9174815
2.432,3.072,1028.016298
0.576,2.624,199.5262315
57.92,105,311.1716337
0.192,0.512,322.1068791
0.013,0.036,463.4469197
24.51,88.38,266.6858665
3.84,16.45,52.96634439
19.07,63.36,308.318795
20.16,42.37,98.62794856
4.544,8.064,99.77000638
0.115,0.2,338.8441561
0.832,2.368,275.4228703
5.76,18.56,271.6439269
4.288,11.01,117.4897555
0.048,0.116,519.9959965
19.39,40.32,1156.112242
0.192,0.256,620.8690342
6.272,27.9,106.1695557
7.488,18.3,89.74287945
25.6,86.34,120.503594
3.648,12.74,220.8004733
3.2,8.192,65.61452663
0.896,1.408,648.6344335
0.027,0.11,340.4081897
3.264,9.28,126.7651866
47.81,65.47,125.6029964
0.09,0.192,488.6523593
0.124,0.283,337.2873087
11.26,39.94,622.3002852
12.74,35.78,280.5433638
0.768,1.216,374.9730022
45.89,100.9,1137.627286
0.128,0.192,1499.684836
19.14,44.74,372.3917063
9.792,34.88,91.62204901
3.904,12.16,352.370871
0.576,1.088,349.1403155
0.254,0.452,568.8529308
0.214,0.344,80.72350302
23.23,40.26,54.95408739
94.46,134.7,78.88601176
1.92,4.544,1025.651926
0.96,2.432,385.4783577
4.224,7.488,132.4341535
11.14,33.92,207.9696687
7.616,23.81,145.881426
52.1,218.9,91.62204901
1.536,6.528,132.1295634
21.89,39.68,528.4452518
0.257,1.041,147.9108388
0.256,0.768,748.1695005
0.049,0.092,1230.268771
11.97,21.31,95.71940713
0.146,0.206,334.9654392
13.18,31.3,168.2674061
2.88,19.26,153.4616983
9.344,35.14,110.9174815
0.832,10.18,1069.054879
6.656,28.35,73.62070975
5.696,20.1,135.8313447
1.984,7.104,158.8546749
0.256,0.384,162.1810097
0.384,0.768,65.91738952
10.56,14.4,283.7919028
6.72,13.06,94.18895965
3.648,10.69,152.7566058
6.528,15.04,119.6740531
5.696,28.61,49.54501908
306.3,411.6,281.8382931
20.48,108.4,261.8183008
51.39,211.4,98.85530947
0.32,25.86,1648.162392
1.408,5.312,49.65923215
38.21,77.31,92.89663868
0.192,0.96,385.4783577
3.136,4.416,172.9816359
20.1,36.8,81.84647881
0.098,0.24,887.156012
32.58,88.26,181.5515663
17.22,104.3,124.4514612
10.88,19.84,202.768272
9.536,33.28,311.8889584
34.5,78.21,56.6239289
33.02,105.1,76.91304403
0.064,0.192,1479.108388
12.8,28.35,222.3309891
3.712,22.21,303.3891184
12.61,47.74,110.153931
0.063,0.146,356.4511334
0.064,0.128,1049.542429
9.28,41.09,397.1915495
0.128,0.448,205.1162179
15.62,54.59,231.206479
0.218,0.399,453.9416167
0.2,0.523,1282.330583
92.1,157.1,216.2718524
41.98,78.21,198.6094917
15.04,33.02,332.6595533
2.624,20.22,32.06269325
22.27,52.67,49.4310687
0.665,1.079,382.8247433
0.643,0.969,642.6877173
13.95,22.46,84.9180475
0.229,1.177,1059.253725
4.71,13.06,1892.343619
7.168,22.53,58.21032178
27.39,51.71,70.4693069
88.13,99.58,711.2135137
2.496,27.65,235.5049284
0.364,0.966,1386.755829
28.61,52.42,71.28530301
4.992,7.744,67.92036326
80.06,147.5,55.59042573
0.055,2.07,265.4605562
12.1,44.93,260.0159563
4.608,20.54,205.5890596
8.96,24.19,118.5768748
7.04,46.27,115.6112242
33.66,61.12,193.6421964
22.53,53.95,161.0645635
0.044,0.092,398.1071706
16.64,99.58,142.2328787
13.95,45.25,348.337315
2.24,3.072,809.0958992
64.38,180.7,831.7637711
56.45,106.6,93.97233106
4.416,10.3,230.1441817
9.344,53.18,366.4375746
0.576,1.664,162.5548756
0.296,0.767,656.1452663
55.1,156.1,196.3360277
0.061,1.606,776.2471166
0.406,6.287,1721.868575
0.125,0.262,316.227766
14.08,47.87,149.279441
0.077,0.154,1570.362804
19.52,73.79,297.1666032
0.438,1.141,881.048873
4.16,18.94,155.238701
9.792,174.5,328.8516309
0.358,3.099,776.2471166
55.3,145.7,323.5936569
5.76,14.98,707.9457844
26.43,49.66,203.2357011
16.7,60.48,281.190083
53.38,107.8,162.9296033
20.74,63.81,63.82634862
1.472,3.136,1213.38885
26.3,43.39,381.9442708
29.82,63.36,613.7620052
0.091,0.364,1472.312502
0.147,0.249,2703.958364
9.152,52.67,326.5878322
6.848,36.48,215.7744409
0.128,0.448,2254.239212
26.24,130.1,142.5607594
0.96,1.856,168.6553025
0.043,0.099,778.036551
0.399,0.89,88.7156012
31.74,103.7,255.2701303
14.14,49.54,132.7394458
3.456,12.16,154.1700453
0.1,0.311,410.204103
4.608,9.216,83.56030182
85.18,212.4,80.72350302
0.392,1.247,1324.341535
25.73,66.94,169.0440932
3.328,9.664,204.1737945
7.424,20.61,334.9654392
27.39,63.23,97.94899854
30.98,76.42,162.5548756
21.63,65.86,153.1087462
11.07,40.32,112.4604974
0.119,0.399,514.0436516
7.168,17.86,246.0367604
0.501,3.904,208.4490883
6.144,15.68,91.41132415
8.832,39.94,108.1433951
0.064,0.576,512.861384
1.408,13.57,142.8893959
0.021,0.392,243.2204009
0.117,0.987,133.6595517
5.184,18.75,61.23503917
27.46,89.92,83.94599865
0.026,0.476,273.5268726
0.171,2.12,226.9864852
0.384,4.928,2449.063242
19.14,106,361.4098626
7.872,20.86,108.6425624
9.92,41.09,381.9442708
9.408,18.24,41.87935651
0.899,1.958,1025.651926
12.29,91.14,111.9437883
24.64,100.5,260.0159563
9.088,18.24,78.88601176
13.5,27.71,110.6623784
5.632,22.02,98.40111058
3.712,14.85,64.41692655
20.67,57.28,401.7908108
20.61,49.47,465.5860935
52.74,219.6,66.68067692
2.112,5.952,110.6623784
0.351,0.839,256.4484037
1.016,2.197,387.2576449
17.6,32.45,103.2761406
21.57,35.84,121.8989599
48.45,82.88,127.6438809
16.77,86.85,170.6082389
9.344,111.4,146.5547841
0.064,0.384,298.5382619
1.426,5.248,38.99419867
2.624,6.336,150.6607066
36.1,328.4,188.7991349
21.63,48.06,69.66265141
4.48,12.74,364.7539469
20.35,42.75,181.1340093
17.79,60.48,151.3561248
0.83,1.973,1348.962883
7.616,254,286.417797
26.24,95.74,186.6379691
1.152,7.424,148.9361078
0.768,2.56,115.0800389
18.37,39.3,123.3104833
3.2,9.6,169.8243652
4.288,9.792,141.9057522
0.204,1.011,487.5284901
3.392,13.89,147.2312502
111.8,130,240.43628
2.432,8.768,138.6755829
53.25,119.6,40.64433292
11.65,63.3,43.95416154
0.375,0.604,374.9730022
1.849,2.97,85.90135215
32.26,68.03,112.7197456
1.568,7.68,315.5004623
2.432,6.016,51.40436516
15.23,28.48,205.1162179
2.24,6.528,50.0034535
3.584,18.56,340.4081897
15.81,51.52,203.7042078
12.86,39.81,479.7334486
9.856,31.36,334.9654392
6.784,15.81,197.2422736
19.01,66.56,81.28305162
0.853,2.347,1135.010816
0.014,0.42,599.7910763
8.32,18.94,145.5459081
6.72,25.09,123.3104833
0.172,0.787,177.4189481
26.18,52.1,237.1373706
7.616,23.42,72.61059574
0.504,6.336,984.0111058
0.136,0.276,436.5158322
2.889,4.268,487.5284901
2.38,9.28,81.84647881
11.2,43.2,57.94286964
9.536,16.32,112.7197456
7.552,49.6,221.819642
33.54,70.66,123.8796587
83.2,151.4,97.94899854
27.39,52.42,72.44359601
8.384,18.43,160.6941253
12.99,26.69,65.31305526
11.14,48.83,246.0367604
8.896,41.73,59.02010802
15.74,26.69,90.57326009
0.192,0.384,630.9573445
12.42,26.62,169.0440932
73.92,124.2,211.348904
9.28,125.5,69.66265141
86.66,103.8,59.02010802
324.4,431.6,83.17637711
9.408,31.62,158.1248039
35.65,68.93,143.2187899
23.68,60.1,1109.174815
14.21,51.84,110.6623784
45.5,131.5,348.337315
6.4,23.23,74.81695005
0.344,0.945,187.4994508
0.256,5.056,156.675107
49.02,91.52,529.6634439
30.91,59.39,279.898132
20.48,42.75,350.751874
101.4,220.5,34.9945167
31.04,76.03,719.448978
126.8,154.4,350.751874
6.592,19.39,787.0457897
4.928,17.41,144.5439771
10.82,73.54,190.107828
3.392,15.74,230.1441817
0.072,0.118,665.2731562
23.23,74.18,162.1810097
0.462,1.016,400.8667176
5.568,20.93,138.6755829
8.512,23.62,76.73614894
21.25,67.52,306.9021988
0.486,0.894,177.0108958
22.02,47.23,21.67704105
30.14,70.02,55.84701947
0.924,3.264,217.2701179
5.76,19.2,300.6076303
3.904,36.86,73.28245331
2.88,8.64,279.898132
0.998,2.512,277.9713268
0.112,0.174,115.0800389
11.46,21.63,71.12135137
15.17,77.95,1285.28666
118.8,164.2,73.79042301
1.6,4.992,112.2018454
0.348,3.287,277.3320105
50.88,116,179.4733627
1.162,16.04,87.29713684
0.14,1.918,118.3041556
23.42,109,77.98301105
8.896,29.7,169.0440932
34.94,77.38,228.0342072
0.092,0.164,1538.15464
65.54,144.6,25.52701303
0.557,1.093,1129.795915
66.24,131.6,206.5380156
87.74,120,71.44963261
2.688,10.43,106.1695557
0.041,0.124,269.1534804
46.14,124.7,143.8798578
1.216,4.352,131.2199899
0.896,2.688,184.0772001
22.34,58.88,701.4552984
0.207,0.564,115.0800389
14.34,42.75,130.3166778
4.544,26.3,116.1448614
3.136,8.64,67.45280277
0.502,2.267,466.6593803
0.581,0.896,198.6094917
17.66,72.32,233.3458062
132.6,384.7,62.23002852
46.78,66.05,140.6047524
12.86,43.78,152.4052754
14.14,50.37,99.08319449
9.856,102.3,130.0169578
26.82,81.34,609.5368972
7.168,79.04,77.09034691
1.664,16.7,46.34469197
83.65,112.2,164.8162392
10.18,36.86,478.6300923
11.39,52.67,290.4022654
55.17,224.2,97.27472238
7.552,37.7,179.0605854
2.816,6.208,12.2179966
48.13,60.8,282.4879975
0.128,0.512,2079.696687
8.256,47.1,44.05548635
3.2,24.26,290.4022654
6.272,15.17,247.7422058
0.96,1.856,388.150366
18.88,65.79,506.9907083
0.268,0.422,171.0015315
8.576,16.96,65.91738952
14.66,64.7,594.2921586
16.06,51.78,487.5284901
21.63,67.39,136.4583137
7.872,23.68,33.49654392
37.31,39.42,138.6755829
31.87,294.8,174.1806873
0.508,1.039,126.1827535
18.69,34.05,62.66138647
1.472,3.456,716.1434102
71.62,231.9,88.1048873
0.24,0.579,174.9846689
4.48,15.04,187.068214
3.008,13.18,1002.305238
15.68,50.75,47.75292737
8.832,22.14,55.4625713
0.157,0.387,128.2330583
39.42,108.2,256.4484037
48.26,94.98,241.5460834
0.929,2.668,1285.28666
0.104,0.24,269.1534804
4.237,10.43,306.9021988
1.472,8.32,462.3810214
0.077,0.413,737.9042301
7.767,30.57,298.5382619
0.996,2.447,53.33348955
9.728,26.18,318.4197522
0.107,0.608,988.5530947
7.104,16.7,199.0673339
5.824,10.24,45.91980128
0.333,0.527,349.945167
49.6,75.14,198.1527026
12.22,32.51,189.2343619
7.68,22.66,426.5795188
2.944,14.34,156.3147643
8.896,17.66,90.15711376
0.064,0.128,423.642966
10.43,51.2,79.43282347
11.07,22.53,134.5860354
246.5,327.3,150.3141966
0.704,1.536,1367.728826
17.47,23.87,149.6235656
0.212,0.768,691.8309709
23.49,110.8,54.95408739
38.78,83.52,73.62070975
0.025,0.079,484.1723676
14.66,44.16,115.6112242
0.427,0.892,724.4359601
26.3,72.45,112.7197456
1.088,3.904,49.09078762
8.448,21.25,174.9846689
33.79,78.66,238.2319469
14.59,26.94,954.992586
108.9,133.4,387.2576449
68.22,106.6,339.6252726
114.8,148.2,123.3104833
3.648,28.93,88.1048873
0.279,0.353,418.7935651
4.416,33.02,270.3958364
11.46,20.8,135.2072563
0.075,0.218,1124.604974
0.384,1.664,154.1700453
0.774,2.288,1032.761406
0.64,10.11,453.9416167
26.5,82.18,86.49679188
1.472,3.584,696.6265141
4.583,18.43,327.3406949
57.86,164.4,571.4786367
0.051,0.123,765.5966069
0.559,1.002,1345.860354
21.82,136.2,114.5512941
2.816,15.49,88.7156012
57.73,115,408.3193863
9.92,38.98,75.8577575
0.192,0.384,572.796031
6.656,11.33,172.1868575
3.84,10.3,574.1164622
3.84,14.59,195.4339456
3.776,14.98,94.18895965
22.02,49.98,206.5380156
0.896,1.408,862.9785478
15.42,36.86,59.70352866
